first_name,last_name
Lyn,Idle
Normie,Craythorn
Bondy,Town
Sarita,Devin
Kirstyn,Doerling
Kliment,McNaughton
Davey,Eagleton
Ludwig,Trime
Evvie,Woolaghan
Yoshiko,Rawkesby
Josephina,Menaul
Mart,Maryin
Mag,Limerick
Harlen,Climie
Kylynn,Norwich
Sheena,Hedling
Gilberte,Warburton
Nester,Schowenburg
Goddard,Durbann
Yasmin,Shawl
Freida,Paunton
Carena,Ullrich
Urson,Rogger
Hobart,Orys
Evey,Barmby
Butch,Hollow
Florance,Orriss
Dot,Geaney
Billy,Hamerton
Bevan,Spandley
Demetris,Kornyakov
Bert,Bassill
Cassondra,Robbings
Alleen,Josephov
Jeno,Arthur
Jorie,Chastang
Davie,Hobson
Ajay,Daveren
Osborn,Hue
Irv,Varley
Sherman,Boschmann
Francoise,Lorenzin
Patti,Doe
Jannel,Eustanch
Mercie,Guice
Tammy,Pillington
Alida,Phethean
Corey,Troutbeck
Maudie,felip
Raynard,Atling
Carmen,Birdwhistell
Melloney,Fusedale
Harry,Rumney
Dory,Metts
Pauline,Coxhead
Urson,Lenthall
Ange,Unworth
Camile,Edelston
Teriann,Swaffield
Shae,Chew
Marina,Lawfull
Rhett,Chiddy
Randee,Bartali
Giusto,Searsby
Merrilee,Burt
Kimbra,Wickersley
Nap,Hugnin
Yolande,Clubley
Teena,Darmody
Orland,Childes
Ange,Lanmeid
Ann-marie,Fagge
Mollee,Gaule
Abeu,Slinger
Dicky,Grgic
Friedrich,Khidr
Janella,Micah
Kissie,Supple
Violette,Scholard
Shalna,Dayly
Donal,Pigot
Martin,Lorey
Lucky,Sweetzer
Papagena,Rouse
Clair,Newlin
Hedy,Fipp
Leanna,Housen
Mirabelle,Postgate
Koo,Weth
Bellina,Jerche
Shaw,Jacklin
Ulrika,Clubb
Olly,Beamond
Mahalia,Crosston
Carina,Baldwin
Roseann,Somerled
Renate,Smewings
Mireielle,Keely
Kristofor,Escala
Fanchette,Cherrison
